<Anims>
 <anim name="idle" root="icicle" numframes="1000" framerate="40">
  <frame idx="0" w="84" h="182" x="-5.932588" y="-57.318306">
   <element name="ground_icicle" layername="ground_icicle" frame="0" z_index="2" m_a="1.000000" m_b="0.000000" m_c="0.000000" m_d="1.000000" m_tx="-0.406297" m_ty="0.842451"/>
  </frame>
  <frame idx="25" w="84" h="182" x="-5.932588" y="-57.318306">
   <element name="ground_icicle" layername="ground_icicle" frame="0" z_index="2" m_a="1.000000" m_b="0.000000" m_c="0.000000" m_d="1.000000" m_tx="-0.406297" m_ty="0.842451"/>
  </frame>
  <frame idx="50" w="84" h="182" x="-5.932588" y="-57.318306">
   <element name="ground_icicle" layername="ground_icicle" frame="0" z_index="2" m_a="1.000000" m_b="0.000000" m_c="0.000000" m_d="1.000000" m_tx="-0.406297" m_ty="0.842451"/>
  </frame>
  <frame idx="75" w="84" h="182" x="-5.932588" y="-57.318306">
   <element name="ground_icicle" layername="ground_icicle" frame="0" z_index="2" m_a="1.000000" m_b="0.000000" m_c="0.000000" m_d="1.000000" m_tx="-0.406297" m_ty="0.842451"/>
  </frame>
  <frame idx="100" w="84" h="182" x="-5.932588" y="-57.318306">
   <element name="ground_icicle" layername="ground_icicle" frame="0" z_index="2" m_a="1.000000" m_b="0.000000" m_c="0.000000" m_d="1.000000" m_tx="-0.406297" m_ty="0.842451"/>
  </frame>
  <frame idx="125" w="84" h="182" x="-5.932588" y="-57.318306">
   <element name="ground_icicle" layername="ground_icicle" frame="0" z_index="2" m_a="1.000000" m_b="0.000000" m_c="0.000000" m_d="1.000000" m_tx="-0.406297" m_ty="0.842451"/>
  </frame>
  <frame idx="150" w="84" h="182" x="-5.932588" y="-57.318306">
   <element name="ground_icicle" layername="ground_icicle" frame="0" z_index="2" m_a="1.000000" m_b="0.000000" m_c="0.000000" m_d="1.000000" m_tx="-0.406297" m_ty="0.842451"/>
  </frame>
  <frame idx="175" w="84" h="182" x="-5.932588" y="-57.318306">
   <element name="ground_icicle" layername="ground_icicle" frame="0" z_index="2" m_a="1.000000" m_b="0.000000" m_c="0.000000" m_d="1.000000" m_tx="-0.406297" m_ty="0.842451"/>
  </frame>
  <frame idx="200" w="84" h="182" x="-5.932588" y="-57.318306">
   <element name="ground_icicle" layername="ground_icicle" frame="0" z_index="2" m_a="1.000000" m_b="0.000000" m_c="0.000000" m_d="1.000000" m_tx="-0.406297" m_ty="0.842451"/>
  </frame>
  <frame idx="225" w="84" h="182" x="-5.932588" y="-57.318306">
   <element name="ground_icicle" layername="ground_icicle" frame="0" z_index="2" m_a="1.000000" m_b="0.000000" m_c="0.000000" m_d="1.000000" m_tx="-0.406297" m_ty="0.842451"/>
  </frame>
  <frame idx="250" w="84" h="182" x="-5.932588" y="-57.318306">
   <element name="ground_icicle" layername="ground_icicle" frame="0" z_index="2" m_a="1.000000" m_b="0.000000" m_c="0.000000" m_d="1.000000" m_tx="-0.406297" m_ty="0.842451"/>
  </frame>
  <frame idx="275" w="84" h="182" x="-5.932588" y="-57.318306">
   <element name="ground_icicle" layername="ground_icicle" frame="0" z_index="2" m_a="1.000000" m_b="0.000000" m_c="0.000000" m_d="1.000000" m_tx="-0.406297" m_ty="0.842451"/>
  </frame>
  <frame idx="300" w="84" h="182" x="-5.932588" y="-57.318306">
   <element name="ground_icicle" layername="ground_icicle" frame="0" z_index="2" m_a="1.000000" m_b="0.000000" m_c="0.000000" m_d="1.000000" m_tx="-0.406297" m_ty="0.842451"/>
  </frame>
  <frame idx="325" w="84" h="182" x="-5.932588" y="-57.318306">
   <element name="ground_icicle" layername="ground_icicle" frame="0" z_index="2" m_a="1.000000" m_b="0.000000" m_c="0.000000" m_d="1.000000" m_tx="-0.406297" m_ty="0.842451"/>
  </frame>
  <frame idx="350" w="84" h="182" x="-5.932588" y="-57.318306">
   <element name="ground_icicle" layername="ground_icicle" frame="0" z_index="2" m_a="1.000000" m_b="0.000000" m_c="0.000000" m_d="1.000000" m_tx="-0.406297" m_ty="0.842451"/>
  </frame>
  <frame idx="375" w="84" h="182" x="-5.932588" y="-57.318306">
   <element name="ground_icicle" layername="ground_icicle" frame="0" z_index="2" m_a="1.000000" m_b="0.000000" m_c="0.000000" m_d="1.000000" m_tx="-0.406297" m_ty="0.842451"/>
  </frame>
  <frame idx="400" w="84" h="182" x="-5.932588" y="-57.318306">
   <element name="ground_icicle" layername="ground_icicle" frame="0" z_index="2" m_a="1.000000" m_b="0.000000" m_c="0.000000" m_d="1.000000" m_tx="-0.406297" m_ty="0.842451"/>
  </frame>
  <frame idx="425" w="84" h="182" x="-5.932588" y="-57.318306">
   <element name="ground_icicle" layername="ground_icicle" frame="0" z_index="2" m_a="1.000000" m_b="0.000000" m_c="0.000000" m_d="1.000000" m_tx="-0.406297" m_ty="0.842451"/>
  </frame>
  <frame idx="450" w="84" h="182" x="-5.932588" y="-57.318306">
   <element name="ground_icicle" layername="ground_icicle" frame="0" z_index="2" m_a="1.000000" m_b="0.000000" m_c="0.000000" m_d="1.000000" m_tx="-0.406297" m_ty="0.842451"/>
  </frame>
  <frame idx="475" w="84" h="182" x="-5.932588" y="-57.318306">
   <element name="ground_icicle" layername="ground_icicle" frame="0" z_index="2" m_a="1.000000" m_b="0.000000" m_c="0.000000" m_d="1.000000" m_tx="-0.406297" m_ty="0.842451"/>
  </frame>
  <frame idx="500" w="84" h="182" x="-5.932588" y="-57.318306">
   <element name="ground_icicle" layername="ground_icicle" frame="0" z_index="2" m_a="1.000000" m_b="0.000000" m_c="0.000000" m_d="1.000000" m_tx="-0.406297" m_ty="0.842451"/>
  </frame>
  <frame idx="525" w="84" h="182" x="-5.932588" y="-57.318306">
   <element name="ground_icicle" layername="ground_icicle" frame="0" z_index="2" m_a="1.000000" m_b="0.000000" m_c="0.000000" m_d="1.000000" m_tx="-0.406297" m_ty="0.842451"/>
  </frame>
  <frame idx="550" w="84" h="182" x="-5.932588" y="-57.318306">
   <element name="ground_icicle" layername="ground_icicle" frame="0" z_index="2" m_a="1.000000" m_b="0.000000" m_c="0.000000" m_d="1.000000" m_tx="-0.406297" m_ty="0.842451"/>
  </frame>
  <frame idx="575" w="84" h="182" x="-5.932588" y="-57.318306">
   <element name="ground_icicle" layername="ground_icicle" frame="0" z_index="2" m_a="1.000000" m_b="0.000000" m_c="0.000000" m_d="1.000000" m_tx="-0.406297" m_ty="0.842451"/>
  </frame>
  <frame idx="600" w="84" h="182" x="-5.932588" y="-57.318306">
   <element name="ground_icicle" layername="ground_icicle" frame="0" z_index="2" m_a="1.000000" m_b="0.000000" m_c="0.000000" m_d="1.000000" m_tx="-0.406297" m_ty="0.842451"/>
  </frame>
  <frame idx="625" w="84" h="182" x="-5.932588" y="-57.318306">
   <element name="ground_icicle" layername="ground_icicle" frame="0" z_index="2" m_a="1.000000" m_b="0.000000" m_c="0.000000" m_d="1.000000" m_tx="-0.406297" m_ty="0.842451"/>
  </frame>
  <frame idx="650" w="84" h="182" x="-5.932588" y="-57.318306">
   <element name="ground_icicle" layername="ground_icicle" frame="0" z_index="2" m_a="1.000000" m_b="0.000000" m_c="0.000000" m_d="1.000000" m_tx="-0.406297" m_ty="0.842451"/>
  </frame>
  <frame idx="675" w="84" h="182" x="-5.932588" y="-57.318306">
   <element name="ground_icicle" layername="ground_icicle" frame="0" z_index="2" m_a="1.000000" m_b="0.000000" m_c="0.000000" m_d="1.000000" m_tx="-0.406297" m_ty="0.842451"/>
  </frame>
  <frame idx="700" w="84" h="182" x="-5.932588" y="-57.318306">
   <element name="ground_icicle" layername="ground_icicle" frame="0" z_index="2" m_a="1.000000" m_b="0.000000" m_c="0.000000" m_d="1.000000" m_tx="-0.406297" m_ty="0.842451"/>
  </frame>
  <frame idx="725" w="84" h="182" x="-5.932588" y="-57.318306">
   <element name="ground_icicle" layername="ground_icicle" frame="0" z_index="2" m_a="1.000000" m_b="0.000000" m_c="0.000000" m_d="1.000000" m_tx="-0.406297" m_ty="0.842451"/>
  </frame>
  <frame idx="750" w="84" h="182" x="-5.932588" y="-57.318306">
   <element name="ground_icicle" layername="ground_icicle" frame="0" z_index="2" m_a="1.000000" m_b="0.000000" m_c="0.000000" m_d="1.000000" m_tx="-0.406297" m_ty="0.842451"/>
  </frame>
  <frame idx="775" w="84" h="182" x="-5.932588" y="-57.318306">
   <element name="ground_icicle" layername="ground_icicle" frame="0" z_index="2" m_a="1.000000" m_b="0.000000" m_c="0.000000" m_d="1.000000" m_tx="-0.406297" m_ty="0.842451"/>
  </frame>
  <frame idx="800" w="84" h="182" x="-5.932588" y="-57.318306">
   <element name="ground_icicle" layername="ground_icicle" frame="0" z_index="2" m_a="1.000000" m_b="0.000000" m_c="0.000000" m_d="1.000000" m_tx="-0.406297" m_ty="0.842451"/>
  </frame>
  <frame idx="825" w="84" h="182" x="-5.932588" y="-57.318306">
   <element name="ground_icicle" layername="ground_icicle" frame="0" z_index="2" m_a="1.000000" m_b="0.000000" m_c="0.000000" m_d="1.000000" m_tx="-0.406297" m_ty="0.842451"/>
  </frame>
  <frame idx="850" w="84" h="182" x="-5.932588" y="-57.318306">
   <element name="ground_icicle" layername="ground_icicle" frame="0" z_index="2" m_a="1.000000" m_b="0.000000" m_c="0.000000" m_d="1.000000" m_tx="-0.406297" m_ty="0.842451"/>
  </frame>
  <frame idx="875" w="84" h="182" x="-5.932588" y="-57.318306">
   <element name="ground_icicle" layername="ground_icicle" frame="0" z_index="2" m_a="1.000000" m_b="0.000000" m_c="0.000000" m_d="1.000000" m_tx="-0.406297" m_ty="0.842451"/>
  </frame>
  <frame idx="900" w="84" h="182" x="-5.932588" y="-57.318306">
   <element name="ground_icicle" layername="ground_icicle" frame="0" z_index="2" m_a="1.000000" m_b="0.000000" m_c="0.000000" m_d="1.000000" m_tx="-0.406297" m_ty="0.842451"/>
  </frame>
  <frame idx="925" w="84" h="182" x="-5.932588" y="-57.318306">
   <element name="ground_icicle" layername="ground_icicle" frame="0" z_index="2" m_a="1.000000" m_b="0.000000" m_c="0.000000" m_d="1.000000" m_tx="-0.406297" m_ty="0.842451"/>
  </frame>
  <frame idx="950" w="84" h="182" x="-5.932588" y="-57.318306">
   <element name="ground_icicle" layername="ground_icicle" frame="0" z_index="2" m_a="1.000000" m_b="0.000000" m_c="0.000000" m_d="1.000000" m_tx="-0.406297" m_ty="0.842451"/>
  </frame>
  <frame idx="975" w="84" h="182" x="-5.932588" y="-57.318306">
   <element name="ground_icicle" layername="ground_icicle" frame="0" z_index="2" m_a="1.000000" m_b="0.000000" m_c="0.000000" m_d="1.000000" m_tx="-0.406297" m_ty="0.842451"/>
  </frame>
 </anim>
 <anim name="throw_side" root="icicle" numframes="700" framerate="40">
  <frame idx="0" w="122" h="127" x="-106.079613" y="-10.703805">
   <element name="swap_icicle" layername="swap_icicle" frame="0" z_index="2" m_a="-0.005208" m_b="0.999986" m_c="-0.999986" m_d="-0.005208" m_tx="0.602410" m_ty="0.000000"/>
  </frame>
  <frame idx="25" w="146" h="95" x="-127.813446" y="-6.749165">
   <element name="swap_icicle" layername="swap_icicle" frame="0" z_index="2" m_a="-0.226871" m_b="0.973925" m_c="-0.973925" m_d="-0.226871" m_tx="0.602410" m_ty="0.000000"/>
  </frame>
  <frame idx="50" w="161" h="59" x="-142.773132" y="-2.856831">
   <element name="swap_icicle" layername="swap_icicle" frame="0" z_index="2" m_a="-0.437232" m_b="0.899349" m_c="-0.899349" m_d="-0.437232" m_tx="0.602410" m_ty="0.000000"/>
  </frame>
  <frame idx="75" w="170" h="21" x="-151.263214" y="0.928743">
   <element name="swap_icicle" layername="swap_icicle" frame="0" z_index="2" m_a="-0.625814" m_b="0.779973" m_c="-0.779973" m_d="-0.625814" m_tx="0.602410" m_ty="0.000000"/>
  </frame>
  <frame idx="100" w="170" h="21" x="-151.910645" y="-15.061987">
   <element name="swap_icicle" layername="swap_icicle" frame="0" z_index="2" m_a="-0.783221" m_b="0.621743" m_c="-0.621743" m_d="-0.783221" m_tx="0.602410" m_ty="0.000000"/>
  </frame>
  <frame idx="125" w="161" h="59" x="-144.683136" y="-49.674595">
   <element name="swap_icicle" layername="swap_icicle" frame="0" z_index="2" m_a="-0.901613" m_b="0.432543" m_c="-0.432543" m_d="-0.901613" m_tx="0.602410" m_ty="0.000000"/>
  </frame>
  <frame idx="150" w="144" h="95" x="-130.390900" y="-82.031784">
   <element name="swap_icicle" layername="swap_icicle" frame="0" z_index="2" m_a="-0.975093" m_b="0.221796" m_c="-0.221796" m_d="-0.975093" m_tx="0.602410" m_ty="0.000000"/>
  </frame>
  <frame idx="175" w="122" h="127" x="-110.171204" y="-110.671181">
   <element name="swap_icicle" layername="swap_icicle" frame="0" z_index="2" m_a="-1.000000" m_b="0.000000" m_c="-0.000000" m_d="-1.000000" m_tx="0.602410" m_ty="0.000000"/>
  </frame>
  <frame idx="200" w="92" h="150" x="-83.887329" y="-132.863159">
   <element name="swap_icicle" layername="swap_icicle" frame="0" z_index="2" m_a="-0.974960" m_b="-0.222379" m_c="0.222379" m_d="-0.974960" m_tx="0.602410" m_ty="0.000000"/>
  </frame>
  <frame idx="225" w="57" h="167" x="-53.272869" y="-148.997253">
   <element name="swap_icicle" layername="swap_icicle" frame="0" z_index="2" m_a="-0.901095" m_b="-0.433622" m_c="0.433622" m_d="-0.901095" m_tx="0.602410" m_ty="0.000000"/>
  </frame>
  <frame idx="250" w="20" h="177" x="-20.210775" y="-157.840576">
   <element name="swap_icicle" layername="swap_icicle" frame="0" z_index="2" m_a="-0.782103" m_b="-0.623149" m_c="0.623149" m_d="-0.782103" m_tx="0.602410" m_ty="0.000000"/>
  </frame>
  <frame idx="275" w="20" h="176" x="-4.959017" y="-158.500320">
   <element name="swap_icicle" layername="swap_icicle" frame="0" z_index="2" m_a="-0.623944" m_b="-0.781469" m_c="0.781469" m_d="-0.623944" m_tx="0.602410" m_ty="0.000000"/>
  </frame>
  <frame idx="300" w="57" h="167" x="-8.424324" y="-150.943466">
   <element name="swap_icicle" layername="swap_icicle" frame="0" z_index="2" m_a="-0.434538" m_b="-0.900654" m_c="0.900654" m_d="-0.434538" m_tx="0.602410" m_ty="0.000000"/>
  </frame>
  <frame idx="325" w="92" h="150" x="-11.687974" y="-135.998383">
   <element name="swap_icicle" layername="swap_icicle" frame="0" z_index="2" m_a="-0.223370" m_b="-0.974734" m_c="0.974734" m_d="-0.223370" m_tx="0.602410" m_ty="0.000000"/>
  </frame>
  <frame idx="350" w="121" h="125" x="-14.236763" y="-114.338364">
   <element name="swap_icicle" layername="swap_icicle" frame="0" z_index="2" m_a="-0.001017" m_b="-0.999999" m_c="0.999999" m_d="-0.001017" m_tx="0.602410" m_ty="0.000000"/>
  </frame>
  <frame idx="375" w="144" h="94" x="-15.570045" y="-87.125275">
   <element name="swap_icicle" layername="swap_icicle" frame="0" z_index="2" m_a="0.219957" m_b="-0.975510" m_c="0.975510" m_d="0.219957" m_tx="0.602410" m_ty="-0.074019"/>
  </frame>
  <frame idx="400" w="161" h="59" x="-16.697086" y="-55.471302">
   <element name="swap_icicle" layername="swap_icicle" frame="0" z_index="2" m_a="0.430059" m_b="-0.902801" m_c="0.902801" m_d="0.430059" m_tx="0.602410" m_ty="-0.148039"/>
  </frame>
  <frame idx="425" w="170" h="21" x="-17.136320" y="-21.292814">
   <element name="swap_icicle" layername="swap_icicle" frame="0" z_index="2" m_a="0.618903" m_b="-0.785468" m_c="0.785468" m_d="0.618903" m_tx="0.602410" m_ty="-0.222058"/>
  </frame>
  <frame idx="450" w="170" h="21" x="-16.415468" y="-5.840253">
   <element name="swap_icicle" layername="swap_icicle" frame="0" z_index="2" m_a="0.777155" m_b="-0.629309" m_c="0.629309" m_d="0.777155" m_tx="0.602410" m_ty="-0.296077"/>
  </frame>
  <frame idx="475" w="161" h="59" x="-14.570158" y="-9.383001">
   <element name="swap_icicle" layername="swap_icicle" frame="0" z_index="2" m_a="0.896993" m_b="-0.442045" m_c="0.442045" m_d="0.896993" m_tx="0.602410" m_ty="-0.370096"/>
  </frame>
  <frame idx="500" w="146" h="95" x="-12.642176" y="-12.727395">
   <element name="swap_icicle" layername="swap_icicle" frame="0" z_index="2" m_a="0.972493" m_b="-0.232930" m_c="0.232930" m_d="0.972493" m_tx="0.602410" m_ty="-0.444116"/>
  </frame>
  <frame idx="525" w="123" h="127" x="-9.677388" y="-15.860070">
   <element name="swap_icicle" layername="swap_icicle" frame="0" z_index="2" m_a="0.999924" m_b="-0.012302" m_c="0.012302" m_d="0.999924" m_tx="0.602410" m_ty="-0.518135"/>
  </frame>
  <frame idx="550" w="93" h="152" x="-6.206274" y="-17.625223">
   <element name="swap_icicle" layername="swap_icicle" frame="0" z_index="2" m_a="0.977062" m_b="0.212955" m_c="-0.212955" m_d="0.977062" m_tx="0.602410" m_ty="-0.444116"/>
  </frame>
  <frame idx="575" w="58" h="170" x="-2.296232" y="-18.676037">
   <element name="swap_icicle" layername="swap_icicle" frame="0" z_index="2" m_a="0.904112" m_b="0.427296" m_c="-0.427296" m_d="0.904112" m_tx="0.602410" m_ty="-0.370096"/>
  </frame>
  <frame idx="600" w="21" h="178" x="1.506088" y="-18.531746">
   <element name="swap_icicle" layername="swap_icicle" frame="0" z_index="2" m_a="0.784814" m_b="0.619731" m_c="-0.619731" m_d="0.784814" m_tx="0.602410" m_ty="-0.296077"/>
  </frame>
  <frame idx="625" w="20" h="178" x="-13.351846" y="-17.721581">
   <element name="swap_icicle" layername="swap_icicle" frame="0" z_index="2" m_a="0.625284" m_b="0.780398" m_c="-0.780398" m_d="0.625284" m_tx="0.602410" m_ty="-0.222058"/>
  </frame>
  <frame idx="650" w="57" h="168" x="-47.105209" y="-15.783283">
   <element name="swap_icicle" layername="swap_icicle" frame="0" z_index="2" m_a="0.433699" m_b="0.901058" m_c="-0.901058" m_d="0.433699" m_tx="0.602410" m_ty="-0.148039"/>
  </frame>
  <frame idx="675" w="92" h="152" x="-78.669228" y="-13.761157">
   <element name="swap_icicle" layername="swap_icicle" frame="0" z_index="2" m_a="0.219882" m_b="0.975527" m_c="-0.975527" m_d="0.219882" m_tx="0.602410" m_ty="-0.074019"/>
  </frame>
 </anim>
</Anims>
