<Anims>
 <anim name="BUILD" root="swap_icicle" numframes="1000" framerate="40">
  <frame idx="0" w="121" h="183" x="0.587741" y="-55.684658">
   <element name="swap_icicle" layername="swap_icicle" frame="0" z_index="1" m_a="0.999981" m_b="0.006101" m_c="-0.006101" m_d="0.999981" m_tx="9.824900" m_ty="-6.943643"/>
  </frame>
  <frame idx="25" w="121" h="183" x="0.587741" y="-55.684658">
   <element name="swap_icicle" layername="swap_icicle" frame="0" z_index="1" m_a="0.999981" m_b="0.006101" m_c="-0.006101" m_d="0.999981" m_tx="9.824900" m_ty="-6.943643"/>
  </frame>
  <frame idx="50" w="121" h="183" x="0.587741" y="-55.684658">
   <element name="swap_icicle" layername="swap_icicle" frame="0" z_index="1" m_a="0.999981" m_b="0.006101" m_c="-0.006101" m_d="0.999981" m_tx="9.824900" m_ty="-6.943643"/>
  </frame>
  <frame idx="75" w="121" h="183" x="0.587741" y="-55.684658">
   <element name="swap_icicle" layername="swap_icicle" frame="0" z_index="1" m_a="0.999981" m_b="0.006101" m_c="-0.006101" m_d="0.999981" m_tx="9.824900" m_ty="-6.943643"/>
  </frame>
  <frame idx="100" w="121" h="183" x="0.587741" y="-55.684658">
   <element name="swap_icicle" layername="swap_icicle" frame="0" z_index="1" m_a="0.999981" m_b="0.006101" m_c="-0.006101" m_d="0.999981" m_tx="9.824900" m_ty="-6.943643"/>
  </frame>
  <frame idx="125" w="121" h="183" x="0.587741" y="-55.684658">
   <element name="swap_icicle" layername="swap_icicle" frame="0" z_index="1" m_a="0.999981" m_b="0.006101" m_c="-0.006101" m_d="0.999981" m_tx="9.824900" m_ty="-6.943643"/>
  </frame>
  <frame idx="150" w="121" h="183" x="0.587741" y="-55.684658">
   <element name="swap_icicle" layername="swap_icicle" frame="0" z_index="1" m_a="0.999981" m_b="0.006101" m_c="-0.006101" m_d="0.999981" m_tx="9.824900" m_ty="-6.943643"/>
  </frame>
  <frame idx="175" w="121" h="183" x="0.587741" y="-55.684658">
   <element name="swap_icicle" layername="swap_icicle" frame="0" z_index="1" m_a="0.999981" m_b="0.006101" m_c="-0.006101" m_d="0.999981" m_tx="9.824900" m_ty="-6.943643"/>
  </frame>
  <frame idx="200" w="121" h="183" x="0.587741" y="-55.684658">
   <element name="swap_icicle" layername="swap_icicle" frame="0" z_index="1" m_a="0.999981" m_b="0.006101" m_c="-0.006101" m_d="0.999981" m_tx="9.824900" m_ty="-6.943643"/>
  </frame>
  <frame idx="225" w="121" h="183" x="0.587741" y="-55.684658">
   <element name="swap_icicle" layername="swap_icicle" frame="0" z_index="1" m_a="0.999981" m_b="0.006101" m_c="-0.006101" m_d="0.999981" m_tx="9.824900" m_ty="-6.943643"/>
  </frame>
  <frame idx="250" w="121" h="183" x="0.587741" y="-55.684658">
   <element name="swap_icicle" layername="swap_icicle" frame="0" z_index="1" m_a="0.999981" m_b="0.006101" m_c="-0.006101" m_d="0.999981" m_tx="9.824900" m_ty="-6.943643"/>
  </frame>
  <frame idx="275" w="121" h="183" x="0.587741" y="-55.684658">
   <element name="swap_icicle" layername="swap_icicle" frame="0" z_index="1" m_a="0.999981" m_b="0.006101" m_c="-0.006101" m_d="0.999981" m_tx="9.824900" m_ty="-6.943643"/>
  </frame>
  <frame idx="300" w="121" h="183" x="0.587741" y="-55.684658">
   <element name="swap_icicle" layername="swap_icicle" frame="0" z_index="1" m_a="0.999981" m_b="0.006101" m_c="-0.006101" m_d="0.999981" m_tx="9.824900" m_ty="-6.943643"/>
  </frame>
  <frame idx="325" w="121" h="183" x="0.587741" y="-55.684658">
   <element name="swap_icicle" layername="swap_icicle" frame="0" z_index="1" m_a="0.999981" m_b="0.006101" m_c="-0.006101" m_d="0.999981" m_tx="9.824900" m_ty="-6.943643"/>
  </frame>
  <frame idx="350" w="121" h="183" x="0.587741" y="-55.684658">
   <element name="swap_icicle" layername="swap_icicle" frame="0" z_index="1" m_a="0.999981" m_b="0.006101" m_c="-0.006101" m_d="0.999981" m_tx="9.824900" m_ty="-6.943643"/>
  </frame>
  <frame idx="375" w="121" h="183" x="0.587741" y="-55.684658">
   <element name="swap_icicle" layername="swap_icicle" frame="0" z_index="1" m_a="0.999981" m_b="0.006101" m_c="-0.006101" m_d="0.999981" m_tx="9.824900" m_ty="-6.943643"/>
  </frame>
  <frame idx="400" w="121" h="183" x="0.587741" y="-55.684658">
   <element name="swap_icicle" layername="swap_icicle" frame="0" z_index="1" m_a="0.999981" m_b="0.006101" m_c="-0.006101" m_d="0.999981" m_tx="9.824900" m_ty="-6.943643"/>
  </frame>
  <frame idx="425" w="121" h="183" x="0.587741" y="-55.684658">
   <element name="swap_icicle" layername="swap_icicle" frame="0" z_index="1" m_a="0.999981" m_b="0.006101" m_c="-0.006101" m_d="0.999981" m_tx="9.824900" m_ty="-6.943643"/>
  </frame>
  <frame idx="450" w="121" h="183" x="0.587741" y="-55.684658">
   <element name="swap_icicle" layername="swap_icicle" frame="0" z_index="1" m_a="0.999981" m_b="0.006101" m_c="-0.006101" m_d="0.999981" m_tx="9.824900" m_ty="-6.943643"/>
  </frame>
  <frame idx="475" w="121" h="183" x="0.587741" y="-55.684658">
   <element name="swap_icicle" layername="swap_icicle" frame="0" z_index="1" m_a="0.999981" m_b="0.006101" m_c="-0.006101" m_d="0.999981" m_tx="9.824900" m_ty="-6.943643"/>
  </frame>
  <frame idx="500" w="121" h="183" x="0.587741" y="-55.684658">
   <element name="swap_icicle" layername="swap_icicle" frame="0" z_index="1" m_a="0.999981" m_b="0.006101" m_c="-0.006101" m_d="0.999981" m_tx="9.824900" m_ty="-6.943643"/>
  </frame>
  <frame idx="525" w="121" h="183" x="0.587741" y="-55.684658">
   <element name="swap_icicle" layername="swap_icicle" frame="0" z_index="1" m_a="0.999981" m_b="0.006101" m_c="-0.006101" m_d="0.999981" m_tx="9.824900" m_ty="-6.943643"/>
  </frame>
  <frame idx="550" w="121" h="183" x="0.587741" y="-55.684658">
   <element name="swap_icicle" layername="swap_icicle" frame="0" z_index="1" m_a="0.999981" m_b="0.006101" m_c="-0.006101" m_d="0.999981" m_tx="9.824900" m_ty="-6.943643"/>
  </frame>
  <frame idx="575" w="121" h="183" x="0.587741" y="-55.684658">
   <element name="swap_icicle" layername="swap_icicle" frame="0" z_index="1" m_a="0.999981" m_b="0.006101" m_c="-0.006101" m_d="0.999981" m_tx="9.824900" m_ty="-6.943643"/>
  </frame>
  <frame idx="600" w="121" h="183" x="0.587741" y="-55.684658">
   <element name="swap_icicle" layername="swap_icicle" frame="0" z_index="1" m_a="0.999981" m_b="0.006101" m_c="-0.006101" m_d="0.999981" m_tx="9.824900" m_ty="-6.943643"/>
  </frame>
  <frame idx="625" w="121" h="183" x="0.587741" y="-55.684658">
   <element name="swap_icicle" layername="swap_icicle" frame="0" z_index="1" m_a="0.999981" m_b="0.006101" m_c="-0.006101" m_d="0.999981" m_tx="9.824900" m_ty="-6.943643"/>
  </frame>
  <frame idx="650" w="121" h="183" x="0.587741" y="-55.684658">
   <element name="swap_icicle" layername="swap_icicle" frame="0" z_index="1" m_a="0.999981" m_b="0.006101" m_c="-0.006101" m_d="0.999981" m_tx="9.824900" m_ty="-6.943643"/>
  </frame>
  <frame idx="675" w="121" h="183" x="0.587741" y="-55.684658">
   <element name="swap_icicle" layername="swap_icicle" frame="0" z_index="1" m_a="0.999981" m_b="0.006101" m_c="-0.006101" m_d="0.999981" m_tx="9.824900" m_ty="-6.943643"/>
  </frame>
  <frame idx="700" w="121" h="183" x="0.587741" y="-55.684658">
   <element name="swap_icicle" layername="swap_icicle" frame="0" z_index="1" m_a="0.999981" m_b="0.006101" m_c="-0.006101" m_d="0.999981" m_tx="9.824900" m_ty="-6.943643"/>
  </frame>
  <frame idx="725" w="121" h="183" x="0.587741" y="-55.684658">
   <element name="swap_icicle" layername="swap_icicle" frame="0" z_index="1" m_a="0.999981" m_b="0.006101" m_c="-0.006101" m_d="0.999981" m_tx="9.824900" m_ty="-6.943643"/>
  </frame>
  <frame idx="750" w="121" h="183" x="0.587741" y="-55.684658">
   <element name="swap_icicle" layername="swap_icicle" frame="0" z_index="1" m_a="0.999981" m_b="0.006101" m_c="-0.006101" m_d="0.999981" m_tx="9.824900" m_ty="-6.943643"/>
  </frame>
  <frame idx="775" w="121" h="183" x="0.587741" y="-55.684658">
   <element name="swap_icicle" layername="swap_icicle" frame="0" z_index="1" m_a="0.999981" m_b="0.006101" m_c="-0.006101" m_d="0.999981" m_tx="9.824900" m_ty="-6.943643"/>
  </frame>
  <frame idx="800" w="121" h="183" x="0.587741" y="-55.684658">
   <element name="swap_icicle" layername="swap_icicle" frame="0" z_index="1" m_a="0.999981" m_b="0.006101" m_c="-0.006101" m_d="0.999981" m_tx="9.824900" m_ty="-6.943643"/>
  </frame>
  <frame idx="825" w="121" h="183" x="0.587741" y="-55.684658">
   <element name="swap_icicle" layername="swap_icicle" frame="0" z_index="1" m_a="0.999981" m_b="0.006101" m_c="-0.006101" m_d="0.999981" m_tx="9.824900" m_ty="-6.943643"/>
  </frame>
  <frame idx="850" w="121" h="183" x="0.587741" y="-55.684658">
   <element name="swap_icicle" layername="swap_icicle" frame="0" z_index="1" m_a="0.999981" m_b="0.006101" m_c="-0.006101" m_d="0.999981" m_tx="9.824900" m_ty="-6.943643"/>
  </frame>
  <frame idx="875" w="121" h="183" x="0.587741" y="-55.684658">
   <element name="swap_icicle" layername="swap_icicle" frame="0" z_index="1" m_a="0.999981" m_b="0.006101" m_c="-0.006101" m_d="0.999981" m_tx="9.824900" m_ty="-6.943643"/>
  </frame>
  <frame idx="900" w="121" h="183" x="0.587741" y="-55.684658">
   <element name="swap_icicle" layername="swap_icicle" frame="0" z_index="1" m_a="0.999981" m_b="0.006101" m_c="-0.006101" m_d="0.999981" m_tx="9.824900" m_ty="-6.943643"/>
  </frame>
  <frame idx="925" w="121" h="183" x="0.587741" y="-55.684658">
   <element name="swap_icicle" layername="swap_icicle" frame="0" z_index="1" m_a="0.999981" m_b="0.006101" m_c="-0.006101" m_d="0.999981" m_tx="9.824900" m_ty="-6.943643"/>
  </frame>
  <frame idx="950" w="121" h="183" x="0.587741" y="-55.684658">
   <element name="swap_icicle" layername="swap_icicle" frame="0" z_index="1" m_a="0.999981" m_b="0.006101" m_c="-0.006101" m_d="0.999981" m_tx="9.824900" m_ty="-6.943643"/>
  </frame>
  <frame idx="975" w="121" h="183" x="0.587741" y="-55.684658">
   <element name="swap_icicle" layername="swap_icicle" frame="0" z_index="1" m_a="0.999981" m_b="0.006101" m_c="-0.006101" m_d="0.999981" m_tx="9.824900" m_ty="-6.943643"/>
  </frame>
 </anim>
</Anims>
